timestamp_utc,spy_price,ema9,ema21,rsi14,bull_score,bear_score,decision,paper_only
2026-08-27T17:52:58.386185+00:00,771.31,771.63,771.45,39.94,1,2,NO TRADE,True
2026-08-27T17:55:18.905361+00:00,771.35,771.64,771.45,40.77,1,2,NO TRADE,True
2026-08-27T17:57:47.468809+00:00,771.37,771.58,771.44,39.7,1,2,NO TRADE,True
2026-08-27T18:01:01.935414+00:00,771.27,771.5,771.42,29.52,1,1,NO TRADE,True
2026-08-27T18:05:32.228733+00:00,770.53,771.35,771.35,19.06,1,1,NO TRADE,True
2026-08-27T18:07:25.014756+00:00,770.6,771.2,771.28,19.42,0,2,NO TRADE,True
2026-08-27T18:09:39.867861+00:00,770.54,771.19,771.28,17.2,0,2,NO TRADE,True
2026-08-27T18:11:11.537850+00:00,770.33,771.01,771.19,14.44,0,2,NO TRADE,True
2026-08-27T18:15:12.613767+00:00,770.27,771.0,771.18,14.11,0,2,NO TRADE,True
2026-08-27T18:17:53.766022+00:00,770.15,770.83,771.09,4.78,0,2,NO TRADE,True
2026-08-27T18:20:13.285899+00:00,770.27,770.85,771.1,5.05,0,2,NO TRADE,True
2026-08-27T18:23:27.169323+00:00,770.28,770.74,771.02,5.58,0,2,NO TRADE,True
2026-08-27T18:27:29.308970+00:00,769.84,770.53,770.9,4.37,0,2,NO TRADE,True
2026-08-27T18:30:26.600384+00:00,769.46,770.45,770.87,3.79,0,2,NO TRADE,True
2026-08-27T18:53:04.025903+00:00,769.52,769.93,770.42,16.56,0,2,NO TRADE,True
2026-08-27T18:54:45.760655+00:00,769.5,769.93,770.42,16.46,0,2,NO TRADE,True
2026-08-27T18:57:05.270945+00:00,769.34,769.78,770.31,17.16,0,2,NO TRADE,True
2026-08-27T18:59:41.203988+00:00,769.75,769.87,770.35,26.95,0,2,NO TRADE,True
2026-08-27T21:24:16.333183+00:00,770.83,770.7,770.52,72.51,2,0,NO TRADE,True
2026-08-27T21:25:21.940110+00:00,770.83,770.7,770.52,72.51,2,0,NO TRADE,True
2026-08-27T21:29:50.362313+00:00,770.83,770.7,770.52,72.51,2,0,NO TRADE,True
2026-08-27T21:30:49.066190+00:00,770.83,770.7,770.52,72.51,2,0,NO TRADE,True
2026-08-27T21:40:32.806107+00:00,770.83,770.7,770.52,72.51,2,0,NO TRADE,True
2026-08-27T21:47:07.707686+00:00,770.83,770.7,770.52,72.51,2,0,NO TRADE,True
2026-08-27T21:52:34.603975+00:00,770.83,770.7,770.52,72.51,2,0,NO TRADE,True
2026-08-27T21:55:00.273410+00:00,770.83,770.7,770.52,72.51,2,0,NO TRADE,True
2026-08-27T22:04:11.436462+00:00,770.83,770.7,770.52,72.51,2,0,NO TRADE,True
2026-08-27T22:26:36.114955+00:00,770.83,770.7,770.52,72.51,2,0,NO TRADE,True
2026-08-28T00:45:15.153448+00:00,770.83,770.7,770.52,72.51,2,0,NO TRADE,True
2026-08-28T00:49:41.090583+00:00,770.83,770.7,770.52,72.51,2,0,NO TRADE,True
2026-08-28T00:54:25.570990+00:00,770.83,770.7,770.52,72.51,2,0,NO TRADE,True
2026-08-28T00:59:07.523368+00:00,770.83,770.7,770.52,72.51,2,0,NO TRADE,True
2026-08-28T01:05:45.948230+00:00,770.83,770.7,770.52,72.51,2,0,NO TRADE,True
2026-08-28T01:12:35.979573+00:00,770.83,770.7,770.52,72.51,2,0,NO TRADE,True
2026-08-28T16:47:06.590303+00:00,770.34,770.38,771.25,28.76,0,2,NO TRADE,True
2026-08-28T16:51:10.245316+00:00,770.27,770.37,771.17,32.29,0,3,BEARISH,True
2026-08-28T16:54:08.211627+00:00,770.2,770.35,771.16,31.98,0,3,BEARISH,True
2026-08-28T16:57:23.107889+00:00,769.86,770.2,771.02,32.89,0,3,BEARISH,True
2026-08-28T17:00:45.106889+00:00,769.7,770.17,771.0,32.16,0,3,BEARISH,True
2026-08-28T17:03:59.536028+00:00,769.0,769.93,770.82,29.87,0,2,NO TRADE,True
2026-08-28T17:06:59.983811+00:00,768.9,769.74,770.65,34.07,0,3,BEARISH,True
2026-08-28T17:09:54.074122+00:00,768.78,769.71,770.64,33.45,0,3,BEARISH,True
2026-08-28T17:13:43.882384+00:00,769.06,769.53,770.47,38.33,0,3,BEARISH,True
2026-08-28T17:16:39.383378+00:00,769.13,769.5,770.37,32.92,0,3,BEARISH,True
2026-08-28T17:21:47.166727+00:00,769.0,769.4,770.25,35.39,0,3,BEARISH,True
2026-08-28T17:24:34.479753+00:00,768.66,769.33,770.22,33.66,0,3,BEARISH,True
2026-08-28T17:28:50.791629+00:00,768.99,769.31,770.13,39.97,0,3,BEARISH,True
2026-08-28T17:39:28.158980+00:00,769.12,769.25,769.96,46.07,0,3,BEARISH,True
2026-08-28T17:44:32.932981+00:00,768.92,769.16,769.85,44.26,0,3,BEARISH,True
2026-08-28T17:48:55.340782+00:00,769.3,769.18,769.8,41.73,1,2,NO TRADE,True
2026-08-28T17:53:44.252622+00:00,769.67,769.34,769.82,50.35,1,1,NO TRADE,True
2026-08-28T17:58:37.333344+00:00,769.25,769.3,769.75,39.39,0,3,BEARISH,True
2026-08-28T18:20:36.703238+00:00,769.4,769.39,769.67,61.5,2,1,NO TRADE,True
2026-08-28T18:23:55.675105+00:00,769.34,769.38,769.64,50.16,0,2,NO TRADE,True
2026-08-28T18:27:57.380645+00:00,769.18,769.3,769.58,50.52,0,2,NO TRADE,True
2026-08-28T18:31:40.621745+00:00,769.09,769.24,769.52,52.78,1,2,NO TRADE,True
2026-08-28T18:34:56.353714+00:00,769.18,769.26,769.53,54.13,1,2,NO TRADE,True
2026-08-28T18:39:44.964119+00:00,769.21,769.28,769.52,55.49,1,2,NO TRADE,True
2026-08-28T18:43:59.593746+00:00,769.12,769.24,769.48,46.38,0,3,BEARISH,True
2026-08-28T18:48:38.286719+00:00,769.13,769.25,769.46,53.49,1,2,NO TRADE,True
2026-08-28T18:53:15.204445+00:00,768.37,769.01,769.33,42.66,0,3,BEARISH,True
2026-08-28T19:51:21.895273+00:00,769.74,769.42,769.36,56.85,3,0,BULLISH,True
