timestamp_utc,spy_price,ema9,ema21,rsi14,bull_score,bear_score,signal_decision,risk_pass,final_action,option_bias,candidate_symbol,contract_quality_pass,contract_status,simulated_qty,simulated_limit_price,ticket_status,paper_mode,order_submission_enabled
2026-08-27T18:09:40.287719+00:00,770.54,771.19,771.28,17.2,0,2,NO TRADE,False,NO TRADE,NONE,SPY260828C00771000,False,BLOCKED,0,,BLOCKED,True,False
2026-08-27T18:11:11.927677+00:00,770.33,771.01,771.19,14.44,0,2,NO TRADE,False,NO TRADE,NONE,SPY260828C00770000,False,BLOCKED,0,,BLOCKED,True,False
2026-08-27T18:15:13.045266+00:00,770.27,771.0,771.18,14.11,0,2,NO TRADE,False,NO TRADE,NONE,SPY260828C00770000,False,BLOCKED,0,,BLOCKED,True,False
2026-08-27T18:17:54.166474+00:00,770.15,770.83,771.09,4.78,0,2,NO TRADE,False,NO TRADE,NONE,SPY260828C00770000,False,BLOCKED,0,,BLOCKED,True,False
2026-08-27T18:20:13.708740+00:00,770.27,770.85,771.1,5.05,0,2,NO TRADE,False,NO TRADE,NONE,SPY260828C00770000,False,BLOCKED,0,,BLOCKED,True,False
2026-08-27T18:23:27.595821+00:00,770.28,770.74,771.02,5.58,0,2,NO TRADE,False,NO TRADE,NONE,SPY260828C00770000,False,BLOCKED,0,,BLOCKED,True,False
2026-08-27T18:27:29.700929+00:00,769.84,770.53,770.9,4.37,0,2,NO TRADE,False,NO TRADE,NONE,SPY260828C00770000,False,BLOCKED,0,,BLOCKED,True,False
2026-08-27T18:30:27.151807+00:00,769.46,770.45,770.87,3.79,0,2,NO TRADE,False,NO TRADE,NONE,SPY260828C00769000,False,BLOCKED,0,,BLOCKED,True,False
2026-08-27T18:53:04.481840+00:00,769.52,769.93,770.42,16.56,0,2,NO TRADE,False,NO TRADE,NONE,SPY260828C00770000,False,BLOCKED,0,,BLOCKED,True,False
2026-08-27T18:54:46.140379+00:00,769.5,769.93,770.42,16.46,0,2,NO TRADE,False,NO TRADE,NONE,SPY260828C00769000,False,BLOCKED,0,,BLOCKED,True,False
2026-08-27T18:57:05.693605+00:00,769.34,769.78,770.31,17.16,0,2,NO TRADE,False,NO TRADE,NONE,SPY260828C00769000,False,BLOCKED,0,,BLOCKED,True,False
2026-08-27T18:59:41.829476+00:00,769.75,769.87,770.35,26.95,0,2,NO TRADE,False,NO TRADE,NONE,SPY260828C00770000,False,BLOCKED,0,,BLOCKED,True,False
2026-08-27T21:24:16.717955+00:00,770.83,770.7,770.52,72.51,2,0,NO TRADE,False,NO TRADE,NONE,SPY260828C00771000,False,BLOCKED,0,,BLOCKED,True,False
2026-08-27T21:25:22.380602+00:00,770.83,770.7,770.52,72.51,2,0,NO TRADE,False,NO TRADE,NONE,SPY260828C00771000,False,BLOCKED,0,,BLOCKED,True,False
2026-08-27T21:29:50.875585+00:00,770.83,770.7,770.52,72.51,2,0,NO TRADE,False,NO TRADE,NONE,SPY260828C00771000,False,BLOCKED,0,,BLOCKED,True,False
2026-08-27T21:30:49.460870+00:00,770.83,770.7,770.52,72.51,2,0,NO TRADE,False,NO TRADE,NONE,SPY260828C00771000,False,BLOCKED,0,,BLOCKED,True,False
2026-08-27T21:40:33.236108+00:00,770.83,770.7,770.52,72.51,2,0,NO TRADE,False,NO TRADE,NONE,SPY260828C00771000,False,BLOCKED,0,,BLOCKED,True,False
2026-08-27T21:47:08.131070+00:00,770.83,770.7,770.52,72.51,2,0,NO TRADE,False,NO TRADE,NONE,SPY260828C00771000,False,BLOCKED,0,,BLOCKED,True,False
2026-08-27T21:52:35.018173+00:00,770.83,770.7,770.52,72.51,2,0,NO TRADE,False,NO TRADE,NONE,SPY260828C00771000,False,BLOCKED,0,,BLOCKED,True,False
2026-08-27T21:55:00.658420+00:00,770.83,770.7,770.52,72.51,2,0,NO TRADE,False,NO TRADE,NONE,SPY260828C00771000,False,BLOCKED,0,,BLOCKED,True,False
2026-08-27T22:04:11.874638+00:00,770.83,770.7,770.52,72.51,2,0,NO TRADE,False,NO TRADE,NONE,SPY260828C00771000,False,BLOCKED,0,,BLOCKED,True,False
2026-08-27T22:26:36.517731+00:00,770.83,770.7,770.52,72.51,2,0,NO TRADE,False,NO TRADE,NONE,SPY260828C00771000,False,BLOCKED,0,,BLOCKED,True,False
2026-08-28T00:45:15.547239+00:00,770.83,770.7,770.52,72.51,2,0,NO TRADE,False,NO TRADE,NONE,SPY260828C00771000,False,BLOCKED,0,,BLOCKED,True,False
2026-08-28T00:49:41.528380+00:00,770.83,770.7,770.52,72.51,2,0,NO TRADE,False,NO TRADE,NONE,SPY260828C00771000,False,BLOCKED,0,,BLOCKED,True,False
2026-08-28T00:54:26.027479+00:00,770.83,770.7,770.52,72.51,2,0,NO TRADE,False,NO TRADE,NONE,SPY260828C00771000,False,BLOCKED,0,,BLOCKED,True,False
2026-08-28T00:59:07.907063+00:00,770.83,770.7,770.52,72.51,2,0,NO TRADE,False,NO TRADE,NONE,SPY260828C00771000,False,BLOCKED,0,,BLOCKED,True,False
2026-08-28T01:05:46.346133+00:00,770.83,770.7,770.52,72.51,2,0,NO TRADE,False,NO TRADE,NONE,SPY260828C00771000,False,BLOCKED,0,,BLOCKED,True,False
2026-08-28T01:12:36.388791+00:00,770.83,770.7,770.52,72.51,2,0,NO TRADE,False,NO TRADE,NONE,SPY260828C00771000,False,BLOCKED,0,,BLOCKED,True,False
2026-08-28T16:47:06.978888+00:00,770.34,770.38,771.25,28.76,0,2,NO TRADE,False,NO TRADE,NONE,SPY260831C00770000,False,BLOCKED,0,,BLOCKED,True,False
2026-08-28T16:51:10.648822+00:00,770.27,770.37,771.17,32.29,0,3,BEARISH,True,BEARISH,PUT,SPY260831P00770000,True,PASS,2,2.09,READY,True,False
2026-08-28T16:54:08.592754+00:00,770.2,770.35,771.16,31.98,0,3,BEARISH,True,BEARISH,PUT,SPY260831P00770000,True,PASS,2,2.08,READY,True,False
2026-08-28T16:57:23.535605+00:00,769.86,770.2,771.02,32.89,0,3,BEARISH,True,BEARISH,PUT,SPY260831P00770000,True,PASS,2,2.25,READY,True,False
2026-08-28T17:00:45.598502+00:00,769.7,770.17,771.0,32.16,0,3,BEARISH,True,BEARISH,PUT,SPY260831P00770000,True,PASS,1,2.75,READY,True,False
2026-08-28T17:03:59.959079+00:00,769.0,769.93,770.82,29.87,0,2,NO TRADE,False,NO TRADE,NONE,SPY260831C00769000,False,BLOCKED,0,,BLOCKED,True,False
2026-08-28T17:07:00.401167+00:00,768.9,769.74,770.65,34.07,0,3,BEARISH,True,BEARISH,PUT,SPY260831P00769000,True,PASS,1,2.52,READY,True,False
2026-08-28T17:09:54.475144+00:00,768.78,769.71,770.64,33.45,0,3,BEARISH,True,BEARISH,PUT,SPY260831P00769000,True,PASS,1,2.5,READY,True,False
2026-08-28T17:13:44.327223+00:00,769.06,769.53,770.47,38.33,0,3,BEARISH,True,BEARISH,PUT,SPY260831P00769000,True,PASS,2,2.2,READY,True,False
2026-08-28T17:16:39.819865+00:00,769.13,769.5,770.37,32.92,0,3,BEARISH,True,BEARISH,PUT,SPY260831P00769000,True,PASS,2,2.21,READY,True,False
2026-08-28T17:21:47.553437+00:00,769.0,769.4,770.25,35.39,0,3,BEARISH,True,BEARISH,PUT,SPY260831P00769000,True,PASS,2,2.35,READY,True,False
2026-08-28T17:24:34.905732+00:00,768.66,769.33,770.22,33.66,0,3,BEARISH,True,BEARISH,PUT,SPY260831P00769000,True,PASS,2,2.3,READY,True,False
2026-08-28T17:28:51.205503+00:00,768.99,769.31,770.13,39.97,0,3,BEARISH,True,BEARISH,PUT,SPY260831P00769000,True,PASS,2,2.08,READY,True,False
2026-08-28T17:39:28.636551+00:00,769.12,769.25,769.96,46.07,0,3,BEARISH,True,BEARISH,PUT,SPY260831P00769000,True,PASS,2,2.17,READY,True,False
2026-08-28T17:44:33.405278+00:00,768.92,769.16,769.85,44.26,0,3,BEARISH,True,BEARISH,PUT,SPY260831P00769000,True,PASS,2,2.21,READY,True,False
2026-08-28T17:48:55.740421+00:00,769.3,769.18,769.8,41.73,1,2,NO TRADE,False,NO TRADE,NONE,SPY260831C00769000,False,BLOCKED,0,,BLOCKED,True,False
2026-08-28T17:53:44.632715+00:00,769.67,769.34,769.82,50.35,1,1,NO TRADE,False,NO TRADE,NONE,SPY260831C00770000,False,BLOCKED,0,,BLOCKED,True,False
2026-08-28T17:58:37.761076+00:00,769.25,769.3,769.75,39.39,0,3,BEARISH,True,BEARISH,PUT,SPY260831P00769000,True,PASS,2,1.92,READY,True,False
2026-08-28T18:20:37.104435+00:00,769.4,769.39,769.67,61.5,2,1,NO TRADE,False,NO TRADE,NONE,SPY260831C00769000,False,BLOCKED,0,,BLOCKED,True,False
2026-08-28T18:23:56.074695+00:00,769.34,769.38,769.64,50.16,0,2,NO TRADE,False,NO TRADE,NONE,SPY260831C00769000,False,BLOCKED,0,,BLOCKED,True,False
2026-08-28T18:27:57.800813+00:00,769.18,769.3,769.58,50.52,0,2,NO TRADE,False,NO TRADE,NONE,SPY260831C00769000,False,BLOCKED,0,,BLOCKED,True,False
2026-08-28T18:31:41.009148+00:00,769.09,769.24,769.52,52.78,1,2,NO TRADE,False,NO TRADE,NONE,SPY260831C00769000,False,BLOCKED,0,,BLOCKED,True,False
2026-08-28T18:34:56.783098+00:00,769.18,769.26,769.53,54.13,1,2,NO TRADE,False,NO TRADE,NONE,SPY260831C00769000,False,BLOCKED,0,,BLOCKED,True,False
2026-08-28T18:39:45.374411+00:00,769.21,769.28,769.52,55.49,1,2,NO TRADE,False,NO TRADE,NONE,SPY260831C00769000,False,BLOCKED,0,,BLOCKED,True,False
2026-08-28T18:43:59.972510+00:00,769.12,769.24,769.48,46.38,0,3,BEARISH,True,BEARISH,PUT,SPY260831P00769000,True,PASS,2,1.91,READY,True,False
2026-08-28T18:48:38.829466+00:00,769.13,769.25,769.46,53.49,1,2,NO TRADE,False,NO TRADE,NONE,SPY260831C00769000,False,BLOCKED,0,,BLOCKED,True,False
2026-08-28T18:53:15.651084+00:00,768.37,769.01,769.33,42.66,0,3,BEARISH,True,BEARISH,PUT,SPY260831P00768000,True,PASS,2,1.83,READY,True,False
2026-08-28T19:51:22.591360+00:00,769.74,769.42,769.36,56.85,3,0,BULLISH,True,BULLISH,CALL,SPY260831C00770000,True,PASS,3,1.56,READY,True,False
